{
    "metrics": {
        "t2m": {
            "gfs": {
                "RMSE": 2.2713617886928064,
                "MAE": 2.018877814797794,
                "Bias": 1.985186921448267
            },
            "model": {
                "RMSE": 0.9416388869285583,
                "MAE": 0.7854809165000916,
                "Bias": 0.5127589106559753
            },
            "improvement_pct": 61.093191933521574
        },
        "u10": {
            "gfs": {
                "RMSE": 1.1453524887081032,
                "MAE": 0.908682163397805,
                "Bias": -0.18586885929107666
            },
            "model": {
                "RMSE": 0.180497407913208,
                "MAE": 0.14070716500282288,
                "Bias": -0.000430314481491223
            },
            "improvement_pct": 84.51524959214768
        },
        "v10": {
            "gfs": {
                "RMSE": 1.1959342343258021,
                "MAE": 1.0221912264510864,
                "Bias": -0.29098859707973584
            },
            "model": {
                "RMSE": 0.21036605536937714,
                "MAE": 0.1584879606962204,
                "Bias": -0.000934333133045584
            },
            "improvement_pct": 84.49527284180772
        },
        "sp": {
            "gfs": {
                "RMSE": 655.4258784414548,
                "MAE": 490.97702205882354,
                "Bias": -106.59965861344538
            },
            "model": {
                "RMSE": 249.9271697998047,
                "MAE": 179.04208374023438,
                "Bias": 18.913799285888672
            },
            "improvement_pct": 63.533510592928835
        },
        "tp": {
            "gfs": {
                "RMSE": 0.0,
                "MAE": 0.0,
                "Bias": 0.0
            },
            "model": {
                "RMSE": 1.8828994143404998e-05,
                "MAE": 1.5098533367563505e-05,
                "Bias": 3.5486925753502874e-06
            },
            "improvement_pct": 0.0
        }
    },
    "forecast": {
        "t2m": {
            "gfs": 301.78759919495144,
            "truth": 299.8023986816406,
            "model": 300.3151550292969
        },
        "u10": {
            "gfs": -0.2680476964020929,
            "truth": -0.08217883855104446,
            "model": -0.0826091319322586
        },
        "v10": {
            "gfs": 0.49792708515995693,
            "truth": 0.7889156937599182,
            "model": 0.7879813313484192
        },
        "sp": {
            "gfs": 92280.47492121848,
            "truth": 92387.0703125,
            "model": 92405.9921875
        },
        "tp": {
            "gfs": 0.0,
            "truth": 0.0,
            "model": 3.5486925753502874e-06
        },
        "wind_speed": {
            "gfs": 1.7265554290671257,
            "truth": 1.4009250402450562,
            "model": 1.3859868049621582
        }
    },
    "date": "2024-07-17"
}