{
    "metrics": {
        "t2m": {
            "gfs": {
                "RMSE": 1.2017357659433152,
                "MAE": 0.9999951274455094,
                "Bias": -0.45947137399881827
            },
            "model": {
                "RMSE": 0.9067774415016174,
                "MAE": 0.6770116686820984,
                "Bias": 0.13875290751457214
            },
            "improvement_pct": 32.29850325255817
        },
        "u10": {
            "gfs": {
                "RMSE": 1.1807374186711137,
                "MAE": 0.9433574135563955,
                "Bias": -0.5056991972843138
            },
            "model": {
                "RMSE": 0.26958930492401123,
                "MAE": 0.20211099088191986,
                "Bias": 0.06880577653646469
            },
            "improvement_pct": 78.57535352163347
        },
        "v10": {
            "gfs": {
                "RMSE": 1.067851089002779,
                "MAE": 0.8632291266772928,
                "Bias": -0.5322448698287251
            },
            "model": {
                "RMSE": 0.37366074323654175,
                "MAE": 0.2921205461025238,
                "Bias": 0.07531782984733582
            },
            "improvement_pct": 66.15955867627606
        },
        "sp": {
            "gfs": {
                "RMSE": 709.0329177849925,
                "MAE": 529.2010241596639,
                "Bias": -167.4170168067227
            },
            "model": {
                "RMSE": 307.0592041015625,
                "MAE": 244.80784606933594,
                "Bias": -132.1212615966797
            },
            "improvement_pct": 53.74010349695099
        },
        "tp": {
            "gfs": {
                "RMSE": 0.0005214701346653426,
                "MAE": 0.00033274849171421547,
                "Bias": 0.00031552914084432285
            },
            "model": {
                "RMSE": 3.004657628480345e-05,
                "MAE": 1.8828854081220925e-05,
                "Bias": -2.417208406768623e-06
            },
            "improvement_pct": 94.34141564873198
        }
    },
    "forecast": {
        "t2m": {
            "gfs": 281.90261994690457,
            "truth": 282.3620910644531,
            "model": 282.5008239746094
        },
        "u10": {
            "gfs": -1.8131309712634367,
            "truth": -1.3074318170547485,
            "model": -1.2386260032653809
        },
        "v10": {
            "gfs": -0.5057798465635596,
            "truth": 0.026465022936463356,
            "model": 0.10178285837173462
        },
        "sp": {
            "gfs": 92391.63130252101,
            "truth": 92559.03125,
            "model": 92426.921875
        },
        "tp": {
            "gfs": 0.0003340336282105584,
            "truth": 1.850448825280182e-05,
            "model": 1.6087280528154224e-05
        },
        "wind_speed": {
            "gfs": 2.4629919307738275,
            "truth": 1.8963361978530884,
            "model": 1.7495877742767334
        }
    },
    "date": "2025-12-18"
}