{
    "metrics": {
        "t2m": {
            "gfs": {
                "RMSE": 3.8289410710899445,
                "MAE": 3.5582813936121322,
                "Bias": 3.473987739627101
            },
            "model": {
                "RMSE": 0.8355268239974976,
                "MAE": 0.6023916006088257,
                "Bias": -0.08424466848373413
            },
            "improvement_pct": 83.07071493305037
        },
        "u10": {
            "gfs": {
                "RMSE": 0.9416682353647233,
                "MAE": 0.7506371410680982,
                "Bias": 0.3331788717299512
            },
            "model": {
                "RMSE": 0.21997356414794922,
                "MAE": 0.1720830649137497,
                "Bias": 0.04333113133907318
            },
            "improvement_pct": 77.07506656693154
        },
        "v10": {
            "gfs": {
                "RMSE": 0.8619042689625456,
                "MAE": 0.7001553640520873,
                "Bias": -0.1445106720442281
            },
            "model": {
                "RMSE": 0.254042387008667,
                "MAE": 0.18949703872203827,
                "Bias": 0.04565950110554695
            },
            "improvement_pct": 72.93500150804518
        },
        "sp": {
            "gfs": {
                "RMSE": 695.3313561255499,
                "MAE": 518.2360162815127,
                "Bias": -165.6921612394958
            },
            "model": {
                "RMSE": 248.29217529296875,
                "MAE": 178.18028259277344,
                "Bias": -102.03230285644531
            },
            "improvement_pct": 65.61792754751659
        },
        "tp": {
            "gfs": {
                "RMSE": 1.4810426131354035e-06,
                "MAE": 3.446050050879727e-07,
                "Bias": -3.446050050879727e-07
            },
            "model": {
                "RMSE": 1.3555724763136823e-05,
                "MAE": 1.0769446816993877e-05,
                "Bias": -1.293041350436397e-06
            },
            "improvement_pct": -3025.156819543173
        }
    },
    "forecast": {
        "t2m": {
            "gfs": 286.13728704372375,
            "truth": 282.6632995605469,
            "model": 282.57904052734375
        },
        "u10": {
            "gfs": 0.9409938849422673,
            "truth": 0.6078150272369385,
            "model": 0.6511460542678833
        },
        "v10": {
            "gfs": 0.6886320332800892,
            "truth": 0.8331426978111267,
            "model": 0.8788021802902222
        },
        "sp": {
            "gfs": 92584.36771271008,
            "truth": 92750.0703125,
            "model": 92648.0390625
        },
        "tp": {
            "gfs": 0.0,
            "truth": 3.446050129696232e-07,
            "model": -9.484362522016454e-07
        },
        "wind_speed": {
            "gfs": 1.8509803127234954,
            "truth": 1.7254624366760254,
            "model": 1.704073190689087
        }
    },
    "date": "2024-11-16"
}