{
    "metrics": {
        "t2m": {
            "gfs": {
                "RMSE": 1.526425367108038,
                "MAE": 1.237194413898372,
                "Bias": -0.7240621101956407
            },
            "model": {
                "RMSE": 1.333624243736267,
                "MAE": 1.0063097476959229,
                "Bias": -0.35273808240890503
            },
            "improvement_pct": 18.661955114632036
        },
        "u10": {
            "gfs": {
                "RMSE": 4.420466217423142,
                "MAE": 3.616099997478373,
                "Bias": 3.5554449956457153
            },
            "model": {
                "RMSE": 0.41239672899246216,
                "MAE": 0.29423609375953674,
                "Bias": 0.1390468329191208
            },
            "improvement_pct": 91.86316490238883
        },
        "v10": {
            "gfs": {
                "RMSE": 1.0225373804068174,
                "MAE": 0.8214862525713544,
                "Bias": 0.039376629626049715
            },
            "model": {
                "RMSE": 0.41979920864105225,
                "MAE": 0.30778318643569946,
                "Bias": -0.009975219145417213
            },
            "improvement_pct": 62.53337344693235
        },
        "sp": {
            "gfs": {
                "RMSE": 688.7012042298866,
                "MAE": 513.9642857142857,
                "Bias": -81.99960609243698
            },
            "model": {
                "RMSE": 584.9376220703125,
                "MAE": 425.5765380859375,
                "Bias": 130.4402618408203
            },
            "improvement_pct": 17.197254767519624
        },
        "tp": {
            "gfs": {
                "RMSE": 0.000234049956057818,
                "MAE": 0.00011894761817285227,
                "Bias": 5.217753219889759e-05
            },
            "model": {
                "RMSE": 0.00011436014756327495,
                "MAE": 6.214284076122567e-05,
                "Bias": -2.112162974299281e-06
            },
            "improvement_pct": 47.75612852464103
        }
    },
    "forecast": {
        "t2m": {
            "gfs": 280.92687013770353,
            "truth": 281.65093994140625,
            "model": 281.2981872558594
        },
        "u10": {
            "gfs": 5.954065857564702,
            "truth": 2.398620843887329,
            "model": 2.537667751312256
        },
        "v10": {
            "gfs": 2.863654363180409,
            "truth": 2.824277639389038,
            "model": 2.814302682876587
        },
        "sp": {
            "gfs": 90853.54608718488,
            "truth": 90935.5625,
            "model": 91065.984375
        },
        "tp": {
            "gfs": 0.00017857143540226877,
            "truth": 0.00012639390479307622,
            "model": 0.00012428172340150923
        },
        "wind_speed": {
            "gfs": 6.876408082970915,
            "truth": 3.9366366863250732,
            "model": 4.006733417510986
        }
    },
    "date": "2023-01-18"
}